<?xml version="1.0" encoding="UTF-8"?>
<jcr:root xmlns:sling="http://sling.apache.org/jcr/sling/1.0" xmlns:cq="http://www.day.com/jcr/cq/1.0" xmlns:jcr="http://www.jcp.org/jcr/1.0" xmlns:nt="http://www.jcp.org/jcr/nt/1.0"
    jcr:primaryType="cq:Page">
    <jcr:content
        cq:contextHubPath="/etc/cloudsettings/default/contexthub"
        cq:contextHubSegmentsPath="/etc/segmentation/contexthub"
        cq:lastModified="{Date}2022-08-29T00:31:57.797+05:30"
        cq:lastModifiedBy="admin"
        cq:template="/conf/fedex/settings/wcm/templates/page-content"
        jcr:primaryType="cq:PageContent"
        jcr:title="en"
        sling:resourceType="fedex/components/page"
        pageTitle="FedEx">
        <root
            jcr:primaryType="nt:unstructured"
            sling:resourceType="fedex/components/container"
            layout="responsiveGrid">
            <container
                jcr:primaryType="nt:unstructured"
                sling:resourceType="fedex/components/container">
                <title
                    jcr:primaryType="nt:unstructured"
                    sling:resourceType="fedex/components/title"/>
                <container
                    jcr:primaryType="nt:unstructured"
                    sling:resourceType="fedex/components/container"
                    layout="responsiveGrid">
                    <teaser
                        jcr:description="&lt;p>Don't stop half way, go for the top!&lt;/p>&#xd;&#xa;"
                        jcr:primaryType="nt:unstructured"
                        jcr:title="Epic Journey"
                        sling:resourceType="fedex/components/teaser"
                        actionsEnabled="false"
                        descriptionFromPage="false"
                        textIsRich="true"
                        titleFromPage="false">
                        <cq:responsive jcr:primaryType="nt:unstructured">
                            <default
                                jcr:primaryType="nt:unstructured"
                                offset="0"
                                width="4"/>
                        </cq:responsive>
                    </teaser>
                    <teaser_copy
                        jcr:description="&lt;p>Don't stop half way, go for the top!&lt;/p>&#xd;&#xa;"
                        jcr:primaryType="nt:unstructured"
                        jcr:title="Epic Journey"
                        sling:resourceType="fedex/components/teaser"
                        actionsEnabled="false"
                        descriptionFromPage="false"
                        textIsRich="true"
                        titleFromPage="false">
                        <cq:responsive jcr:primaryType="nt:unstructured">
                            <default
                                jcr:primaryType="nt:unstructured"
                                offset="0"
                                width="4"/>
                        </cq:responsive>
                    </teaser_copy>
                    <teaser_copy_1579324932
                        jcr:description="&lt;p>Don't stop half way, go for the top!&lt;/p>&#xd;&#xa;"
                        jcr:primaryType="nt:unstructured"
                        jcr:title="Epic Journey"
                        sling:resourceType="fedex/components/teaser"
                        actionsEnabled="false"
                        descriptionFromPage="false"
                        textIsRich="true"
                        titleFromPage="false">
                        <cq:responsive jcr:primaryType="nt:unstructured">
                            <default
                                jcr:primaryType="nt:unstructured"
                                offset="0"
                                width="4"/>
                        </cq:responsive>
                    </teaser_copy_1579324932>
                    <rssfeed_1626848142
                        jcr:created="{Date}2022-08-28T22:50:13.950+05:30"
                        jcr:createdBy="admin"
                        jcr:lastModified="{Date}2022-08-29T00:31:57.783+05:30"
                        jcr:lastModifiedBy="admin"
                        jcr:primaryType="nt:unstructured"
                        sling:resourceType="fedex/components/rssfeed"
                        noOfItems="10"
                        text="kksdkaskd;">
                        <rssFeeds jcr:primaryType="nt:unstructured">
                            <item0
                                jcr:primaryType="nt:unstructured"
                                description="kadjhdsh"
                                publishDate="kjshdkwrweureoir234"
                                title="dashdask"/>
                        </rssFeeds>
                    </rssfeed_1626848142>
                    <helloworld
                        jcr:primaryType="nt:unstructured"
                        sling:resourceType="fedex/components/helloworld"
                        text="lalala :)"/>
                </container>
            </container>
        </root>
    </jcr:content>
    <rss-feed/>
</jcr:root>
